method,quantity,dataset,seed,fold,delta
fcigl_align_eta0.01,target_bacc,BNCI2014_001,0,0,0.00520833333333337
fcigl_align_eta0.01,target_bacc,BNCI2014_001,0,1,0.00868055555555558
fcigl_align_eta0.01,target_bacc,BNCI2014_001,0,2,0.02083333333333337
fcigl_align_eta0.01,target_bacc,BNCI2014_001,0,3,0.015625
fcigl_align_eta0.01,target_bacc,BNCI2014_001,0,4,0.00520833333333337
fcigl_align_eta0.01,target_bacc,BNCI2014_001,0,5,0.00520833333333337
fcigl_align_eta0.01,target_bacc,BNCI2014_001,0,6,0.0
fcigl_align_eta0.01,target_bacc,BNCI2014_001,0,7,-5.551115123125783e-17
fcigl_align_eta0.01,target_bacc,BNCI2014_001,0,8,-0.01215277777777779
fcigl_align_eta0.01,target_bacc,BNCI2014_001,1,0,0.02083333333333337
fcigl_align_eta0.01,target_bacc,BNCI2014_001,1,1,0.0
fcigl_align_eta0.01,target_bacc,BNCI2014_001,1,2,-0.01736111111111105
fcigl_align_eta0.01,target_bacc,BNCI2014_001,1,3,-0.00868055555555558
fcigl_align_eta0.01,target_bacc,BNCI2014_001,1,4,0.019097222222222265
fcigl_align_eta0.01,target_bacc,BNCI2014_001,1,5,0.0034722222222222654
fcigl_align_eta0.01,target_bacc,BNCI2014_001,1,6,-0.015625
fcigl_align_eta0.01,target_bacc,BNCI2014_001,1,7,0.01041666666666663
fcigl_align_eta0.01,target_bacc,BNCI2014_001,1,8,-0.005208333333333259
fcigl_align_eta0.01,target_bacc,BNCI2014_001,2,0,-0.01736111111111116
fcigl_align_eta0.01,target_bacc,BNCI2014_001,2,1,-0.005208333333333315
fcigl_align_eta0.01,target_bacc,BNCI2014_001,2,2,-0.00868055555555558
fcigl_align_eta0.01,target_bacc,BNCI2014_001,2,3,-0.02430555555555558
fcigl_align_eta0.01,target_bacc,BNCI2014_001,2,4,0.00694444444444442
fcigl_align_eta0.01,target_bacc,BNCI2014_001,2,5,0.020833333333333315
fcigl_align_eta0.01,target_bacc,BNCI2014_001,2,6,-0.0034722222222222376
fcigl_align_eta0.01,target_bacc,BNCI2014_001,2,7,-0.01041666666666663
fcigl_align_eta0.01,target_bacc,BNCI2014_001,2,8,0.00868055555555558
fcigl_align_eta0.01,target_bacc,BNCI2015_001,0,0,0.007499999999999951
fcigl_align_eta0.01,target_bacc,BNCI2015_001,0,10,-0.02833333333333332
fcigl_align_eta0.01,target_bacc,BNCI2015_001,0,11,-0.020000000000000018
fcigl_align_eta0.01,target_bacc,BNCI2015_001,0,1,0.014999999999999902
fcigl_align_eta0.01,target_bacc,BNCI2015_001,0,2,-0.0050000000000000044
fcigl_align_eta0.01,target_bacc,BNCI2015_001,0,3,0.012500000000000067
fcigl_align_eta0.01,target_bacc,BNCI2015_001,0,4,-0.01749999999999996
fcigl_align_eta0.01,target_bacc,BNCI2015_001,0,5,-0.007499999999999951
fcigl_align_eta0.01,target_bacc,BNCI2015_001,0,6,0.004999999999999893
fcigl_align_eta0.01,target_bacc,BNCI2015_001,0,7,0.0033333333333332993
fcigl_align_eta0.01,target_bacc,BNCI2015_001,0,8,-0.019999999999999907
fcigl_align_eta0.01,target_bacc,BNCI2015_001,0,9,0.0016666666666667052
fcigl_align_eta0.01,target_bacc,BNCI2015_001,1,0,0.030000000000000027
fcigl_align_eta0.01,target_bacc,BNCI2015_001,1,10,0.026666666666666672
fcigl_align_eta0.01,target_bacc,BNCI2015_001,1,11,-0.0025000000000000022
fcigl_align_eta0.01,target_bacc,BNCI2015_001,1,1,-0.0050000000000000044
fcigl_align_eta0.01,target_bacc,BNCI2015_001,1,2,0.03499999999999992
fcigl_align_eta0.01,target_bacc,BNCI2015_001,1,3,0.030000000000000027
fcigl_align_eta0.01,target_bacc,BNCI2015_001,1,4,-0.022499999999999964
fcigl_align_eta0.01,target_bacc,BNCI2015_001,1,5,-0.0024999999999999467
fcigl_align_eta0.01,target_bacc,BNCI2015_001,1,6,0.012499999999999956
fcigl_align_eta0.01,target_bacc,BNCI2015_001,1,7,0.011666666666666714
fcigl_align_eta0.01,target_bacc,BNCI2015_001,1,8,0.013333333333333308
fcigl_align_eta0.01,target_bacc,BNCI2015_001,1,9,0.0050000000000000044
fcigl_align_eta0.01,target_bacc,BNCI2015_001,2,0,-0.0050000000000000044
fcigl_align_eta0.01,target_bacc,BNCI2015_001,2,10,0.008333333333333304
fcigl_align_eta0.01,target_bacc,BNCI2015_001,2,11,0.030000000000000027
fcigl_align_eta0.01,target_bacc,BNCI2015_001,2,1,0.007500000000000062
fcigl_align_eta0.01,target_bacc,BNCI2015_001,2,2,-0.02499999999999991
fcigl_align_eta0.01,target_bacc,BNCI2015_001,2,3,-0.007500000000000062
fcigl_align_eta0.01,target_bacc,BNCI2015_001,2,4,-0.012500000000000067
fcigl_align_eta0.01,target_bacc,BNCI2015_001,2,5,-0.015000000000000013
fcigl_align_eta0.01,target_bacc,BNCI2015_001,2,6,0.03500000000000003
fcigl_align_eta0.01,target_bacc,BNCI2015_001,2,7,0.0033333333333334103
fcigl_align_eta0.01,target_bacc,BNCI2015_001,2,8,0.036666666666666625
fcigl_align_eta0.01,target_bacc,BNCI2015_001,2,9,0.020000000000000018
fcigl_align_eta0.01,graph_kl,BNCI2014_001,0,0,0.13636183738708496
fcigl_align_eta0.01,graph_kl,BNCI2014_001,0,1,0.1105225682258606
fcigl_align_eta0.01,graph_kl,BNCI2014_001,0,2,0.2509189248085022
fcigl_align_eta0.01,graph_kl,BNCI2014_001,0,3,0.17917650938034058
fcigl_align_eta0.01,graph_kl,BNCI2014_001,0,4,0.1713465452194214
fcigl_align_eta0.01,graph_kl,BNCI2014_001,0,5,0.06666404008865356
fcigl_align_eta0.01,graph_kl,BNCI2014_001,0,6,0.23475313186645508
fcigl_align_eta0.01,graph_kl,BNCI2014_001,0,7,0.10875082015991211
fcigl_align_eta0.01,graph_kl,BNCI2014_001,0,8,0.1915656328201294
fcigl_align_eta0.01,graph_kl,BNCI2014_001,1,0,0.114341139793396
fcigl_align_eta0.01,graph_kl,BNCI2014_001,1,1,0.1788768768310547
fcigl_align_eta0.01,graph_kl,BNCI2014_001,1,2,0.14553731679916382
fcigl_align_eta0.01,graph_kl,BNCI2014_001,1,3,0.16830551624298096
fcigl_align_eta0.01,graph_kl,BNCI2014_001,1,4,0.2189939022064209
fcigl_align_eta0.01,graph_kl,BNCI2014_001,1,5,0.15346556901931763
fcigl_align_eta0.01,graph_kl,BNCI2014_001,1,6,0.2027004361152649
fcigl_align_eta0.01,graph_kl,BNCI2014_001,1,7,0.18547892570495605
fcigl_align_eta0.01,graph_kl,BNCI2014_001,1,8,0.13699603080749512
fcigl_align_eta0.01,graph_kl,BNCI2014_001,2,0,0.2597596049308777
fcigl_align_eta0.01,graph_kl,BNCI2014_001,2,1,0.1914697289466858
fcigl_align_eta0.01,graph_kl,BNCI2014_001,2,2,0.20448535680770874
fcigl_align_eta0.01,graph_kl,BNCI2014_001,2,3,0.13121765851974487
fcigl_align_eta0.01,graph_kl,BNCI2014_001,2,4,0.16001325845718384
fcigl_align_eta0.01,graph_kl,BNCI2014_001,2,5,0.15481126308441162
fcigl_align_eta0.01,graph_kl,BNCI2014_001,2,6,0.26399391889572144
fcigl_align_eta0.01,graph_kl,BNCI2014_001,2,7,0.24842023849487305
fcigl_align_eta0.01,graph_kl,BNCI2014_001,2,8,0.1605347990989685
fcigl_align_eta0.01,graph_kl,BNCI2015_001,0,0,0.061477601528167725
fcigl_align_eta0.01,graph_kl,BNCI2015_001,0,10,0.13465934991836548
fcigl_align_eta0.01,graph_kl,BNCI2015_001,0,11,0.052243590354919434
fcigl_align_eta0.01,graph_kl,BNCI2015_001,0,1,0.13607805967330933
fcigl_align_eta0.01,graph_kl,BNCI2015_001,0,2,0.09225800633430481
fcigl_align_eta0.01,graph_kl,BNCI2015_001,0,3,0.0602947473526001
fcigl_align_eta0.01,graph_kl,BNCI2015_001,0,4,0.10983772575855255
fcigl_align_eta0.01,graph_kl,BNCI2015_001,0,5,0.11937910318374634
fcigl_align_eta0.01,graph_kl,BNCI2015_001,0,6,0.11216177046298981
fcigl_align_eta0.01,graph_kl,BNCI2015_001,0,7,0.020048975944519043
fcigl_align_eta0.01,graph_kl,BNCI2015_001,0,8,0.14379377663135529
fcigl_align_eta0.01,graph_kl,BNCI2015_001,0,9,0.14485952258110046
fcigl_align_eta0.01,graph_kl,BNCI2015_001,1,0,0.3285405933856964
fcigl_align_eta0.01,graph_kl,BNCI2015_001,1,10,0.3692331910133362
fcigl_align_eta0.01,graph_kl,BNCI2015_001,1,11,0.13718682527542114
fcigl_align_eta0.01,graph_kl,BNCI2015_001,1,1,0.13687986135482788
fcigl_align_eta0.01,graph_kl,BNCI2015_001,1,2,0.11812961101531982
fcigl_align_eta0.01,graph_kl,BNCI2015_001,1,3,0.1029362678527832
fcigl_align_eta0.01,graph_kl,BNCI2015_001,1,4,0.16605007648468018
fcigl_align_eta0.01,graph_kl,BNCI2015_001,1,5,0.12638777494430542
fcigl_align_eta0.01,graph_kl,BNCI2015_001,1,6,0.14137214422225952
fcigl_align_eta0.01,graph_kl,BNCI2015_001,1,7,0.3157600462436676
fcigl_align_eta0.01,graph_kl,BNCI2015_001,1,8,0.08924481272697449
fcigl_align_eta0.01,graph_kl,BNCI2015_001,1,9,0.17125773429870605
fcigl_align_eta0.01,graph_kl,BNCI2015_001,2,0,0.07031211256980896
fcigl_align_eta0.01,graph_kl,BNCI2015_001,2,10,0.3030400574207306
fcigl_align_eta0.01,graph_kl,BNCI2015_001,2,11,0.24991798400878906
fcigl_align_eta0.01,graph_kl,BNCI2015_001,2,1,0.14075034856796265
fcigl_align_eta0.01,graph_kl,BNCI2015_001,2,2,0.08323189616203308
fcigl_align_eta0.01,graph_kl,BNCI2015_001,2,3,0.2778488099575043
fcigl_align_eta0.01,graph_kl,BNCI2015_001,2,4,0.33509793877601624
fcigl_align_eta0.01,graph_kl,BNCI2015_001,2,5,0.16907459497451782
fcigl_align_eta0.01,graph_kl,BNCI2015_001,2,6,0.16516989469528198
fcigl_align_eta0.01,graph_kl,BNCI2015_001,2,7,0.10611799359321594
fcigl_align_eta0.01,graph_kl,BNCI2015_001,2,8,0.17598149180412292
fcigl_align_eta0.01,graph_kl,BNCI2015_001,2,9,0.26474252343177795
fcigl_align_eta0.01,node_kl,BNCI2014_001,0,0,0.10974764823913574
fcigl_align_eta0.01,node_kl,BNCI2014_001,0,1,0.12489226460456848
fcigl_align_eta0.01,node_kl,BNCI2014_001,0,2,0.11690755188465118
fcigl_align_eta0.01,node_kl,BNCI2014_001,0,3,0.12261784076690674
fcigl_align_eta0.01,node_kl,BNCI2014_001,0,4,0.10744538903236389
fcigl_align_eta0.01,node_kl,BNCI2014_001,0,5,0.09767737984657288
fcigl_align_eta0.01,node_kl,BNCI2014_001,0,6,0.11423972249031067
fcigl_align_eta0.01,node_kl,BNCI2014_001,0,7,0.12077447772026062
fcigl_align_eta0.01,node_kl,BNCI2014_001,0,8,0.09930792450904846
fcigl_align_eta0.01,node_kl,BNCI2014_001,1,0,0.10060471296310425
fcigl_align_eta0.01,node_kl,BNCI2014_001,1,1,0.09298205375671387
fcigl_align_eta0.01,node_kl,BNCI2014_001,1,2,0.1114492416381836
fcigl_align_eta0.01,node_kl,BNCI2014_001,1,3,0.09504497051239014
fcigl_align_eta0.01,node_kl,BNCI2014_001,1,4,0.09353017807006836
fcigl_align_eta0.01,node_kl,BNCI2014_001,1,5,0.12666776776313782
fcigl_align_eta0.01,node_kl,BNCI2014_001,1,6,0.10629221796989441
fcigl_align_eta0.01,node_kl,BNCI2014_001,1,7,0.1818726658821106
fcigl_align_eta0.01,node_kl,BNCI2014_001,1,8,0.11645045876502991
fcigl_align_eta0.01,node_kl,BNCI2014_001,2,0,0.18689969182014465
fcigl_align_eta0.01,node_kl,BNCI2014_001,2,1,0.15232354402542114
fcigl_align_eta0.01,node_kl,BNCI2014_001,2,2,0.13621661067008972
fcigl_align_eta0.01,node_kl,BNCI2014_001,2,3,0.09412616491317749
fcigl_align_eta0.01,node_kl,BNCI2014_001,2,4,0.13711965084075928
fcigl_align_eta0.01,node_kl,BNCI2014_001,2,5,0.12026593089103699
fcigl_align_eta0.01,node_kl,BNCI2014_001,2,6,0.1273670494556427
fcigl_align_eta0.01,node_kl,BNCI2014_001,2,7,0.2297886610031128
fcigl_align_eta0.01,node_kl,BNCI2014_001,2,8,0.09667044878005981
fcigl_align_eta0.01,node_kl,BNCI2015_001,0,0,0.17108766734600067
fcigl_align_eta0.01,node_kl,BNCI2015_001,0,10,0.21226787567138672
fcigl_align_eta0.01,node_kl,BNCI2015_001,0,11,0.15903206169605255
fcigl_align_eta0.01,node_kl,BNCI2015_001,0,1,0.17167364060878754
fcigl_align_eta0.01,node_kl,BNCI2015_001,0,2,0.12747547030448914
fcigl_align_eta0.01,node_kl,BNCI2015_001,0,3,0.17264607548713684
fcigl_align_eta0.01,node_kl,BNCI2015_001,0,4,0.1915847361087799
fcigl_align_eta0.01,node_kl,BNCI2015_001,0,5,0.1514386236667633
fcigl_align_eta0.01,node_kl,BNCI2015_001,0,6,0.16059494018554688
fcigl_align_eta0.01,node_kl,BNCI2015_001,0,7,0.0937533974647522
fcigl_align_eta0.01,node_kl,BNCI2015_001,0,8,0.1989319622516632
fcigl_align_eta0.01,node_kl,BNCI2015_001,0,9,0.1817951202392578
fcigl_align_eta0.01,node_kl,BNCI2015_001,1,0,0.2580079287290573
fcigl_align_eta0.01,node_kl,BNCI2015_001,1,10,0.28794339299201965
fcigl_align_eta0.01,node_kl,BNCI2015_001,1,11,0.1866815686225891
fcigl_align_eta0.01,node_kl,BNCI2015_001,1,1,0.14141622185707092
fcigl_align_eta0.01,node_kl,BNCI2015_001,1,2,0.1657346785068512
fcigl_align_eta0.01,node_kl,BNCI2015_001,1,3,0.13003861904144287
fcigl_align_eta0.01,node_kl,BNCI2015_001,1,4,0.23530903458595276
fcigl_align_eta0.01,node_kl,BNCI2015_001,1,5,0.20394641160964966
fcigl_align_eta0.01,node_kl,BNCI2015_001,1,6,0.21444883942604065
fcigl_align_eta0.01,node_kl,BNCI2015_001,1,7,0.22237230837345123
fcigl_align_eta0.01,node_kl,BNCI2015_001,1,8,0.11363071203231812
fcigl_align_eta0.01,node_kl,BNCI2015_001,1,9,0.1546812653541565
fcigl_align_eta0.01,node_kl,BNCI2015_001,2,0,0.12162724137306213
fcigl_align_eta0.01,node_kl,BNCI2015_001,2,10,0.28305649757385254
fcigl_align_eta0.01,node_kl,BNCI2015_001,2,11,0.24982978403568268
fcigl_align_eta0.01,node_kl,BNCI2015_001,2,1,0.17239686846733093
fcigl_align_eta0.01,node_kl,BNCI2015_001,2,2,0.18466711044311523
fcigl_align_eta0.01,node_kl,BNCI2015_001,2,3,0.17375913262367249
fcigl_align_eta0.01,node_kl,BNCI2015_001,2,4,0.18475446105003357
fcigl_align_eta0.01,node_kl,BNCI2015_001,2,5,0.1902458667755127
fcigl_align_eta0.01,node_kl,BNCI2015_001,2,6,0.18585655093193054
fcigl_align_eta0.01,node_kl,BNCI2015_001,2,7,0.17678555846214294
fcigl_align_eta0.01,node_kl,BNCI2015_001,2,8,0.18949127197265625
fcigl_align_eta0.01,node_kl,BNCI2015_001,2,9,0.18253853917121887
fcigl_align_eta0.01,R3_task_drop_k2,BNCI2014_001,0,0,-0.012152777777777735
fcigl_align_eta0.01,R3_task_drop_k2,BNCI2014_001,0,1,0.017361111111111105
fcigl_align_eta0.01,R3_task_drop_k2,BNCI2014_001,0,2,0.03298611111111116
fcigl_align_eta0.01,R3_task_drop_k2,BNCI2014_001,0,3,-0.020833333333333315
fcigl_align_eta0.01,R3_task_drop_k2,BNCI2014_001,0,4,-0.006944444444444392
fcigl_align_eta0.01,R3_task_drop_k2,BNCI2014_001,0,5,-0.01388888888888884
fcigl_align_eta0.01,R3_task_drop_k2,BNCI2014_001,0,6,-0.00347222222222221
fcigl_align_eta0.01,R3_task_drop_k2,BNCI2014_001,0,7,-0.00868055555555558
fcigl_align_eta0.01,R3_task_drop_k2,BNCI2014_001,0,8,-0.00520833333333337
fcigl_align_eta0.01,R3_task_drop_k2,BNCI2014_001,1,0,0.00868055555555558
fcigl_align_eta0.01,R3_task_drop_k2,BNCI2014_001,1,1,0.013888888888888895
fcigl_align_eta0.01,R3_task_drop_k2,BNCI2014_001,1,2,-0.01388888888888884
fcigl_align_eta0.01,R3_task_drop_k2,BNCI2014_001,1,3,0.00520833333333337
fcigl_align_eta0.01,R3_task_drop_k2,BNCI2014_001,1,4,0.015625000000000028
fcigl_align_eta0.01,R3_task_drop_k2,BNCI2014_001,1,5,0.008680555555555636
fcigl_align_eta0.01,R3_task_drop_k2,BNCI2014_001,1,6,-0.015625
fcigl_align_eta0.01,R3_task_drop_k2,BNCI2014_001,1,7,0.00347222222222221
fcigl_align_eta0.01,R3_task_drop_k2,BNCI2014_001,1,8,0.015625000000000056
fcigl_align_eta0.01,R3_task_drop_k2,BNCI2014_001,2,0,-0.03993055555555558
fcigl_align_eta0.01,R3_task_drop_k2,BNCI2014_001,2,1,0.01388888888888884
fcigl_align_eta0.01,R3_task_drop_k2,BNCI2014_001,2,2,-0.02777777777777779
fcigl_align_eta0.01,R3_task_drop_k2,BNCI2014_001,2,3,-0.02430555555555558
fcigl_align_eta0.01,R3_task_drop_k2,BNCI2014_001,2,4,0.005208333333333315
fcigl_align_eta0.01,R3_task_drop_k2,BNCI2014_001,2,5,-0.020833333333333315
fcigl_align_eta0.01,R3_task_drop_k2,BNCI2014_001,2,6,0.003472222222222182
fcigl_align_eta0.01,R3_task_drop_k2,BNCI2014_001,2,7,-0.017361111111110994
fcigl_align_eta0.01,R3_task_drop_k2,BNCI2014_001,2,8,-0.00694444444444442
fcigl_align_eta0.01,R3_task_drop_k2,BNCI2015_001,0,0,-0.17750000000000005
fcigl_align_eta0.01,R3_task_drop_k2,BNCI2015_001,0,10,0.06499999999999995
fcigl_align_eta0.01,R3_task_drop_k2,BNCI2015_001,0,11,-0.032500000000000084
fcigl_align_eta0.01,R3_task_drop_k2,BNCI2015_001,0,1,-1.1102230246251565e-16
fcigl_align_eta0.01,R3_task_drop_k2,BNCI2015_001,0,2,-0.09500000000000008
fcigl_align_eta0.01,R3_task_drop_k2,BNCI2015_001,0,3,0.02750000000000008
fcigl_align_eta0.01,R3_task_drop_k2,BNCI2015_001,0,4,-0.014999999999999902
fcigl_align_eta0.01,R3_task_drop_k2,BNCI2015_001,0,5,0.015000000000000013
fcigl_align_eta0.01,R3_task_drop_k2,BNCI2015_001,0,6,-0.012500000000000122
fcigl_align_eta0.01,R3_task_drop_k2,BNCI2015_001,0,7,-0.00666666666666671
fcigl_align_eta0.01,R3_task_drop_k2,BNCI2015_001,0,8,1.1102230246251565e-16
fcigl_align_eta0.01,R3_task_drop_k2,BNCI2015_001,0,9,0.0016666666666668162
fcigl_align_eta0.01,R3_task_drop_k2,BNCI2015_001,1,0,0.14249999999999996
fcigl_align_eta0.01,R3_task_drop_k2,BNCI2015_001,1,10,-0.003333333333333355
fcigl_align_eta0.01,R3_task_drop_k2,BNCI2015_001,1,11,0.012500000000000011
fcigl_align_eta0.01,R3_task_drop_k2,BNCI2015_001,1,1,-0.03249999999999997
fcigl_align_eta0.01,R3_task_drop_k2,BNCI2015_001,1,2,0.044999999999999984
fcigl_align_eta0.01,R3_task_drop_k2,BNCI2015_001,1,3,0.10250000000000004
fcigl_align_eta0.01,R3_task_drop_k2,BNCI2015_001,1,4,-0.04249999999999998
fcigl_align_eta0.01,R3_task_drop_k2,BNCI2015_001,1,5,0.012500000000000178
fcigl_align_eta0.01,R3_task_drop_k2,BNCI2015_001,1,6,0.04500000000000004
fcigl_align_eta0.01,R3_task_drop_k2,BNCI2015_001,1,7,0.026666666666666672
fcigl_align_eta0.01,R3_task_drop_k2,BNCI2015_001,1,8,0.033333333333333326
fcigl_align_eta0.01,R3_task_drop_k2,BNCI2015_001,1,9,0.036666666666666625
fcigl_align_eta0.01,R3_task_drop_k2,BNCI2015_001,2,0,-0.020000000000000018
fcigl_align_eta0.01,R3_task_drop_k2,BNCI2015_001,2,10,0.03499999999999992
fcigl_align_eta0.01,R3_task_drop_k2,BNCI2015_001,2,11,0.06000000000000005
fcigl_align_eta0.01,R3_task_drop_k2,BNCI2015_001,2,1,-0.03500000000000003
fcigl_align_eta0.01,R3_task_drop_k2,BNCI2015_001,2,2,-0.004999999999999893
fcigl_align_eta0.01,R3_task_drop_k2,BNCI2015_001,2,3,0.01749999999999996
fcigl_align_eta0.01,R3_task_drop_k2,BNCI2015_001,2,4,-0.04750000000000021
fcigl_align_eta0.01,R3_task_drop_k2,BNCI2015_001,2,5,0.012500000000000067
fcigl_align_eta0.01,R3_task_drop_k2,BNCI2015_001,2,6,-0.019999999999999962
fcigl_align_eta0.01,R3_task_drop_k2,BNCI2015_001,2,7,-0.0033333333333332993
fcigl_align_eta0.01,R3_task_drop_k2,BNCI2015_001,2,8,0.036666666666666625
fcigl_align_eta0.01,R3_task_drop_k2,BNCI2015_001,2,9,0.0
fcigl_align_eta0.01,task_head_alignment_k2,BNCI2014_001,0,0,-0.0020717661056670264
fcigl_align_eta0.01,task_head_alignment_k2,BNCI2014_001,0,1,-0.0001236971394612263
fcigl_align_eta0.01,task_head_alignment_k2,BNCI2014_001,0,2,-0.016166627248180805
fcigl_align_eta0.01,task_head_alignment_k2,BNCI2014_001,0,3,-0.014189689668578767
fcigl_align_eta0.01,task_head_alignment_k2,BNCI2014_001,0,4,-0.006692338560742132
fcigl_align_eta0.01,task_head_alignment_k2,BNCI2014_001,0,5,-0.0020343684617918183
fcigl_align_eta0.01,task_head_alignment_k2,BNCI2014_001,0,6,-0.00851766210408832
fcigl_align_eta0.01,task_head_alignment_k2,BNCI2014_001,0,7,-0.0192120327062625
fcigl_align_eta0.01,task_head_alignment_k2,BNCI2014_001,0,8,-0.04749350768994369
fcigl_align_eta0.01,task_head_alignment_k2,BNCI2014_001,1,0,0.002433597414346578
fcigl_align_eta0.01,task_head_alignment_k2,BNCI2014_001,1,1,-0.002462159800574664
fcigl_align_eta0.01,task_head_alignment_k2,BNCI2014_001,1,2,-0.05937355388425755
fcigl_align_eta0.01,task_head_alignment_k2,BNCI2014_001,1,3,-0.0052193438142037404
fcigl_align_eta0.01,task_head_alignment_k2,BNCI2014_001,1,4,-0.021185485522556384
fcigl_align_eta0.01,task_head_alignment_k2,BNCI2014_001,1,5,-0.003854245785128875
fcigl_align_eta0.01,task_head_alignment_k2,BNCI2014_001,1,6,0.001338179544159504
fcigl_align_eta0.01,task_head_alignment_k2,BNCI2014_001,1,7,-0.0028909944924974326
fcigl_align_eta0.01,task_head_alignment_k2,BNCI2014_001,1,8,-0.003684814388543109
fcigl_align_eta0.01,task_head_alignment_k2,BNCI2014_001,2,0,-0.030358581157527133
fcigl_align_eta0.01,task_head_alignment_k2,BNCI2014_001,2,1,-0.0034322360189784967
fcigl_align_eta0.01,task_head_alignment_k2,BNCI2014_001,2,2,-0.025247410453643506
fcigl_align_eta0.01,task_head_alignment_k2,BNCI2014_001,2,3,0.002302508704363073
fcigl_align_eta0.01,task_head_alignment_k2,BNCI2014_001,2,4,-0.005705592408293991
fcigl_align_eta0.01,task_head_alignment_k2,BNCI2014_001,2,5,-0.015943460646666716
fcigl_align_eta0.01,task_head_alignment_k2,BNCI2014_001,2,6,-0.05319087478140838
fcigl_align_eta0.01,task_head_alignment_k2,BNCI2014_001,2,7,-0.00936782381242924
fcigl_align_eta0.01,task_head_alignment_k2,BNCI2014_001,2,8,-0.012428842490047227
fcigl_align_eta0.01,task_head_alignment_k2,BNCI2015_001,0,0,-0.09041125687831053
fcigl_align_eta0.01,task_head_alignment_k2,BNCI2015_001,0,10,-0.1344133309102665
fcigl_align_eta0.01,task_head_alignment_k2,BNCI2015_001,0,11,-0.12189153847006229
fcigl_align_eta0.01,task_head_alignment_k2,BNCI2015_001,0,1,-0.18866453617756448
fcigl_align_eta0.01,task_head_alignment_k2,BNCI2015_001,0,2,-0.29263569507016596
fcigl_align_eta0.01,task_head_alignment_k2,BNCI2015_001,0,3,-0.18987721703863994
fcigl_align_eta0.01,task_head_alignment_k2,BNCI2015_001,0,4,-0.2543482953547663
fcigl_align_eta0.01,task_head_alignment_k2,BNCI2015_001,0,5,-0.19106886860850789
fcigl_align_eta0.01,task_head_alignment_k2,BNCI2015_001,0,6,-0.17289633542293315
fcigl_align_eta0.01,task_head_alignment_k2,BNCI2015_001,0,7,-0.1414605474368712
fcigl_align_eta0.01,task_head_alignment_k2,BNCI2015_001,0,8,-0.14871044274309803
fcigl_align_eta0.01,task_head_alignment_k2,BNCI2015_001,0,9,-0.30803224855472805
fcigl_align_eta0.01,task_head_alignment_k2,BNCI2015_001,1,0,-0.5816917255594448
fcigl_align_eta0.01,task_head_alignment_k2,BNCI2015_001,1,10,-0.19153614037649658
fcigl_align_eta0.01,task_head_alignment_k2,BNCI2015_001,1,11,-0.18530393634533357
fcigl_align_eta0.01,task_head_alignment_k2,BNCI2015_001,1,1,-0.09141552589267407
fcigl_align_eta0.01,task_head_alignment_k2,BNCI2015_001,1,2,-0.11659098735241868
fcigl_align_eta0.01,task_head_alignment_k2,BNCI2015_001,1,3,0.06008778603157654
fcigl_align_eta0.01,task_head_alignment_k2,BNCI2015_001,1,4,-0.2650452898293364
fcigl_align_eta0.01,task_head_alignment_k2,BNCI2015_001,1,5,0.03517239614199505
fcigl_align_eta0.01,task_head_alignment_k2,BNCI2015_001,1,6,-0.5055479632500888
fcigl_align_eta0.01,task_head_alignment_k2,BNCI2015_001,1,7,-0.38723353676742195
fcigl_align_eta0.01,task_head_alignment_k2,BNCI2015_001,1,8,-0.3232536699178227
fcigl_align_eta0.01,task_head_alignment_k2,BNCI2015_001,1,9,-0.09626865339430973
fcigl_align_eta0.01,task_head_alignment_k2,BNCI2015_001,2,0,0.058610215830478415
fcigl_align_eta0.01,task_head_alignment_k2,BNCI2015_001,2,10,-0.4626544066797958
fcigl_align_eta0.01,task_head_alignment_k2,BNCI2015_001,2,11,-0.21484438561666724
fcigl_align_eta0.01,task_head_alignment_k2,BNCI2015_001,2,1,0.025772269398931485
fcigl_align_eta0.01,task_head_alignment_k2,BNCI2015_001,2,2,-0.12348021618743699
fcigl_align_eta0.01,task_head_alignment_k2,BNCI2015_001,2,3,-0.1392751475373902
fcigl_align_eta0.01,task_head_alignment_k2,BNCI2015_001,2,4,-0.5183755190749042
fcigl_align_eta0.01,task_head_alignment_k2,BNCI2015_001,2,5,-0.035016472168295364
fcigl_align_eta0.01,task_head_alignment_k2,BNCI2015_001,2,6,-0.08500968635327616
fcigl_align_eta0.01,task_head_alignment_k2,BNCI2015_001,2,7,-0.04297366281277959
fcigl_align_eta0.01,task_head_alignment_k2,BNCI2015_001,2,8,-0.3530277118888755
fcigl_align_eta0.01,task_head_alignment_k2,BNCI2015_001,2,9,-0.22390367744619782
fcigl_align_eta0.05,target_bacc,BNCI2014_001,0,0,0.010416666666666685
fcigl_align_eta0.05,target_bacc,BNCI2014_001,0,1,0.00520833333333337
fcigl_align_eta0.05,target_bacc,BNCI2014_001,0,2,0.022569444444444475
fcigl_align_eta0.05,target_bacc,BNCI2014_001,0,3,0.01388888888888884
fcigl_align_eta0.05,target_bacc,BNCI2014_001,0,4,0.0034722222222222654
fcigl_align_eta0.05,target_bacc,BNCI2014_001,0,5,0.017361111111111105
fcigl_align_eta0.05,target_bacc,BNCI2014_001,0,6,-0.005208333333333343
fcigl_align_eta0.05,target_bacc,BNCI2014_001,0,7,-0.006944444444444475
fcigl_align_eta0.05,target_bacc,BNCI2014_001,0,8,-0.015625
fcigl_align_eta0.05,target_bacc,BNCI2014_001,1,0,0.015625
fcigl_align_eta0.05,target_bacc,BNCI2014_001,1,1,-0.00347222222222221
fcigl_align_eta0.05,target_bacc,BNCI2014_001,1,2,-0.008680555555555525
fcigl_align_eta0.05,target_bacc,BNCI2014_001,1,3,-0.00520833333333337
fcigl_align_eta0.05,target_bacc,BNCI2014_001,1,4,0.01909722222222221
fcigl_align_eta0.05,target_bacc,BNCI2014_001,1,5,0.01388888888888895
fcigl_align_eta0.05,target_bacc,BNCI2014_001,1,6,-0.020833333333333315
fcigl_align_eta0.05,target_bacc,BNCI2014_001,1,7,0.005208333333333315
fcigl_align_eta0.05,target_bacc,BNCI2014_001,1,8,-0.01388888888888884
fcigl_align_eta0.05,target_bacc,BNCI2014_001,2,0,-0.01041666666666663
fcigl_align_eta0.05,target_bacc,BNCI2014_001,2,1,-0.0017361111111110494
fcigl_align_eta0.05,target_bacc,BNCI2014_001,2,2,0.00347222222222221
fcigl_align_eta0.05,target_bacc,BNCI2014_001,2,3,-0.031250000000000056
fcigl_align_eta0.05,target_bacc,BNCI2014_001,2,4,0.00520833333333337
fcigl_align_eta0.05,target_bacc,BNCI2014_001,2,5,0.026041666666666685
fcigl_align_eta0.05,target_bacc,BNCI2014_001,2,6,0.01215277777777779
fcigl_align_eta0.05,target_bacc,BNCI2014_001,2,7,-0.02256944444444442
fcigl_align_eta0.05,target_bacc,BNCI2014_001,2,8,-0.01388888888888895
fcigl_align_eta0.05,target_bacc,BNCI2015_001,0,0,0.0050000000000000044
fcigl_align_eta0.05,target_bacc,BNCI2015_001,0,10,-0.026666666666666672
fcigl_align_eta0.05,target_bacc,BNCI2015_001,0,11,-0.02250000000000002
fcigl_align_eta0.05,target_bacc,BNCI2015_001,0,1,0.010000000000000009
fcigl_align_eta0.05,target_bacc,BNCI2015_001,0,2,-0.0024999999999999467
fcigl_align_eta0.05,target_bacc,BNCI2015_001,0,3,0.020000000000000018
fcigl_align_eta0.05,target_bacc,BNCI2015_001,0,4,-0.01749999999999996
fcigl_align_eta0.05,target_bacc,BNCI2015_001,0,5,-0.007499999999999951
fcigl_align_eta0.05,target_bacc,BNCI2015_001,0,6,0.007499999999999951
fcigl_align_eta0.05,target_bacc,BNCI2015_001,0,7,0.006666666666666599
fcigl_align_eta0.05,target_bacc,BNCI2015_001,0,8,-0.013333333333333308
fcigl_align_eta0.05,target_bacc,BNCI2015_001,0,9,0.0033333333333334103
fcigl_align_eta0.05,target_bacc,BNCI2015_001,1,0,0.02749999999999997
fcigl_align_eta0.05,target_bacc,BNCI2015_001,1,10,0.034999999999999976
fcigl_align_eta0.05,target_bacc,BNCI2015_001,1,11,0.0
fcigl_align_eta0.05,target_bacc,BNCI2015_001,1,1,-0.007499999999999951
fcigl_align_eta0.05,target_bacc,BNCI2015_001,1,2,0.022499999999999964
fcigl_align_eta0.05,target_bacc,BNCI2015_001,1,3,0.030000000000000027
fcigl_align_eta0.05,target_bacc,BNCI2015_001,1,4,-0.019999999999999907
fcigl_align_eta0.05,target_bacc,BNCI2015_001,1,5,-0.0024999999999999467
fcigl_align_eta0.05,target_bacc,BNCI2015_001,1,6,0.01750000000000007
fcigl_align_eta0.05,target_bacc,BNCI2015_001,1,7,0.020000000000000018
fcigl_align_eta0.05,target_bacc,BNCI2015_001,1,8,0.013333333333333308
fcigl_align_eta0.05,target_bacc,BNCI2015_001,1,9,0.020000000000000018
fcigl_align_eta0.05,target_bacc,BNCI2015_001,2,0,0.0
fcigl_align_eta0.05,target_bacc,BNCI2015_001,2,10,0.015000000000000013
fcigl_align_eta0.05,target_bacc,BNCI2015_001,2,11,0.032500000000000084
fcigl_align_eta0.05,target_bacc,BNCI2015_001,2,1,0.015000000000000013
fcigl_align_eta0.05,target_bacc,BNCI2015_001,2,2,-0.01749999999999996
fcigl_align_eta0.05,target_bacc,BNCI2015_001,2,3,0.0
fcigl_align_eta0.05,target_bacc,BNCI2015_001,2,4,-0.02750000000000008
fcigl_align_eta0.05,target_bacc,BNCI2015_001,2,5,-0.015000000000000013
fcigl_align_eta0.05,target_bacc,BNCI2015_001,2,6,0.040000000000000036
fcigl_align_eta0.05,target_bacc,BNCI2015_001,2,7,0.00666666666666671
fcigl_align_eta0.05,target_bacc,BNCI2015_001,2,8,0.03833333333333333
fcigl_align_eta0.05,target_bacc,BNCI2015_001,2,9,0.021666666666666612
fcigl_align_eta0.05,graph_kl,BNCI2014_001,0,0,0.13751602172851562
fcigl_align_eta0.05,graph_kl,BNCI2014_001,0,1,0.10314762592315674
fcigl_align_eta0.05,graph_kl,BNCI2014_001,0,2,0.24373924732208252
fcigl_align_eta0.05,graph_kl,BNCI2014_001,0,3,0.18657153844833374
fcigl_align_eta0.05,graph_kl,BNCI2014_001,0,4,0.16066062450408936
fcigl_align_eta0.05,graph_kl,BNCI2014_001,0,5,0.06533586978912354
fcigl_align_eta0.05,graph_kl,BNCI2014_001,0,6,0.23305916786193848
fcigl_align_eta0.05,graph_kl,BNCI2014_001,0,7,0.13800811767578125
fcigl_align_eta0.05,graph_kl,BNCI2014_001,0,8,0.1927173137664795
fcigl_align_eta0.05,graph_kl,BNCI2014_001,1,0,0.13028985261917114
fcigl_align_eta0.05,graph_kl,BNCI2014_001,1,1,0.16235387325286865
fcigl_align_eta0.05,graph_kl,BNCI2014_001,1,2,0.13952964544296265
fcigl_align_eta0.05,graph_kl,BNCI2014_001,1,3,0.17698681354522705
fcigl_align_eta0.05,graph_kl,BNCI2014_001,1,4,0.25050944089889526
fcigl_align_eta0.05,graph_kl,BNCI2014_001,1,5,0.1784411072731018
fcigl_align_eta0.05,graph_kl,BNCI2014_001,1,6,0.20149821043014526
fcigl_align_eta0.05,graph_kl,BNCI2014_001,1,7,0.20293354988098145
fcigl_align_eta0.05,graph_kl,BNCI2014_001,1,8,0.14329004287719727
fcigl_align_eta0.05,graph_kl,BNCI2014_001,2,0,0.2325892448425293
fcigl_align_eta0.05,graph_kl,BNCI2014_001,2,1,0.2078344225883484
fcigl_align_eta0.05,graph_kl,BNCI2014_001,2,2,0.19434446096420288
fcigl_align_eta0.05,graph_kl,BNCI2014_001,2,3,0.1308281421661377
fcigl_align_eta0.05,graph_kl,BNCI2014_001,2,4,0.15515780448913574
fcigl_align_eta0.05,graph_kl,BNCI2014_001,2,5,0.1343698501586914
fcigl_align_eta0.05,graph_kl,BNCI2014_001,2,6,0.2804698944091797
fcigl_align_eta0.05,graph_kl,BNCI2014_001,2,7,0.24766480922698975
fcigl_align_eta0.05,graph_kl,BNCI2014_001,2,8,0.15772956609725952
fcigl_align_eta0.05,graph_kl,BNCI2015_001,0,0,0.07449957728385925
fcigl_align_eta0.05,graph_kl,BNCI2015_001,0,10,0.0868147611618042
fcigl_align_eta0.05,graph_kl,BNCI2015_001,0,11,0.10785892605781555
fcigl_align_eta0.05,graph_kl,BNCI2015_001,0,1,0.08933499455451965
fcigl_align_eta0.05,graph_kl,BNCI2015_001,0,2,0.09504154324531555
fcigl_align_eta0.05,graph_kl,BNCI2015_001,0,3,0.11304432153701782
fcigl_align_eta0.05,graph_kl,BNCI2015_001,0,4,0.09033770859241486
fcigl_align_eta0.05,graph_kl,BNCI2015_001,0,5,0.14037126302719116
fcigl_align_eta0.05,graph_kl,BNCI2015_001,0,6,0.10579265654087067
fcigl_align_eta0.05,graph_kl,BNCI2015_001,0,7,0.003903329372406006
fcigl_align_eta0.05,graph_kl,BNCI2015_001,0,8,0.16794829070568085
fcigl_align_eta0.05,graph_kl,BNCI2015_001,0,9,0.13558658957481384
fcigl_align_eta0.05,graph_kl,BNCI2015_001,1,0,0.3218546211719513
fcigl_align_eta0.05,graph_kl,BNCI2015_001,1,10,0.396293044090271
fcigl_align_eta0.05,graph_kl,BNCI2015_001,1,11,0.10994195938110352
fcigl_align_eta0.05,graph_kl,BNCI2015_001,1,1,0.1659652590751648
fcigl_align_eta0.05,graph_kl,BNCI2015_001,1,2,0.13608881831169128
fcigl_align_eta0.05,graph_kl,BNCI2015_001,1,3,0.0990074872970581
fcigl_align_eta0.05,graph_kl,BNCI2015_001,1,4,0.21838194131851196
fcigl_align_eta0.05,graph_kl,BNCI2015_001,1,5,0.14199620485305786
fcigl_align_eta0.05,graph_kl,BNCI2015_001,1,6,0.12164494395256042
fcigl_align_eta0.05,graph_kl,BNCI2015_001,1,7,0.38905856013298035
fcigl_align_eta0.05,graph_kl,BNCI2015_001,1,8,0.11132097244262695
fcigl_align_eta0.05,graph_kl,BNCI2015_001,1,9,0.16602784395217896
fcigl_align_eta0.05,graph_kl,BNCI2015_001,2,0,0.11024737358093262
fcigl_align_eta0.05,graph_kl,BNCI2015_001,2,10,0.3730057179927826
fcigl_align_eta0.05,graph_kl,BNCI2015_001,2,11,0.32328206300735474
fcigl_align_eta0.05,graph_kl,BNCI2015_001,2,1,0.13189935684204102
fcigl_align_eta0.05,graph_kl,BNCI2015_001,2,2,0.11343160271644592
fcigl_align_eta0.05,graph_kl,BNCI2015_001,2,3,0.2925819456577301
fcigl_align_eta0.05,graph_kl,BNCI2015_001,2,4,0.38507482409477234
fcigl_align_eta0.05,graph_kl,BNCI2015_001,2,5,0.17743241786956787
fcigl_align_eta0.05,graph_kl,BNCI2015_001,2,6,0.21241551637649536
fcigl_align_eta0.05,graph_kl,BNCI2015_001,2,7,0.14799687266349792
fcigl_align_eta0.05,graph_kl,BNCI2015_001,2,8,0.177215576171875
fcigl_align_eta0.05,graph_kl,BNCI2015_001,2,9,0.36434563994407654
fcigl_align_eta0.05,node_kl,BNCI2014_001,0,0,0.11435437202453613
fcigl_align_eta0.05,node_kl,BNCI2014_001,0,1,0.11941644549369812
fcigl_align_eta0.05,node_kl,BNCI2014_001,0,2,0.11956126987934113
fcigl_align_eta0.05,node_kl,BNCI2014_001,0,3,0.12346026301383972
fcigl_align_eta0.05,node_kl,BNCI2014_001,0,4,0.11150094866752625
fcigl_align_eta0.05,node_kl,BNCI2014_001,0,5,0.09948587417602539
fcigl_align_eta0.05,node_kl,BNCI2014_001,0,6,0.12152183055877686
fcigl_align_eta0.05,node_kl,BNCI2014_001,0,7,0.12685346603393555
fcigl_align_eta0.05,node_kl,BNCI2014_001,0,8,0.098671555519104
fcigl_align_eta0.05,node_kl,BNCI2014_001,1,0,0.10248202085494995
fcigl_align_eta0.05,node_kl,BNCI2014_001,1,1,0.09195053577423096
fcigl_align_eta0.05,node_kl,BNCI2014_001,1,2,0.11333337426185608
fcigl_align_eta0.05,node_kl,BNCI2014_001,1,3,0.0996062159538269
fcigl_align_eta0.05,node_kl,BNCI2014_001,1,4,0.10179585218429565
fcigl_align_eta0.05,node_kl,BNCI2014_001,1,5,0.12533465027809143
fcigl_align_eta0.05,node_kl,BNCI2014_001,1,6,0.10750988125801086
fcigl_align_eta0.05,node_kl,BNCI2014_001,1,7,0.1842266321182251
fcigl_align_eta0.05,node_kl,BNCI2014_001,1,8,0.11876723170280457
fcigl_align_eta0.05,node_kl,BNCI2014_001,2,0,0.18153148889541626
fcigl_align_eta0.05,node_kl,BNCI2014_001,2,1,0.15403538942337036
fcigl_align_eta0.05,node_kl,BNCI2014_001,2,2,0.13952451944351196
fcigl_align_eta0.05,node_kl,BNCI2014_001,2,3,0.09469640254974365
fcigl_align_eta0.05,node_kl,BNCI2014_001,2,4,0.13811221718788147
fcigl_align_eta0.05,node_kl,BNCI2014_001,2,5,0.11473169922828674
fcigl_align_eta0.05,node_kl,BNCI2014_001,2,6,0.1281290352344513
fcigl_align_eta0.05,node_kl,BNCI2014_001,2,7,0.23440450429916382
fcigl_align_eta0.05,node_kl,BNCI2014_001,2,8,0.09468463063240051
fcigl_align_eta0.05,node_kl,BNCI2015_001,0,0,0.17798756062984467
fcigl_align_eta0.05,node_kl,BNCI2015_001,0,10,0.22432559728622437
fcigl_align_eta0.05,node_kl,BNCI2015_001,0,11,0.18024437129497528
fcigl_align_eta0.05,node_kl,BNCI2015_001,0,1,0.17300818860530853
fcigl_align_eta0.05,node_kl,BNCI2015_001,0,2,0.13877999782562256
fcigl_align_eta0.05,node_kl,BNCI2015_001,0,3,0.1881389021873474
fcigl_align_eta0.05,node_kl,BNCI2015_001,0,4,0.20194780826568604
fcigl_align_eta0.05,node_kl,BNCI2015_001,0,5,0.15561062097549438
fcigl_align_eta0.05,node_kl,BNCI2015_001,0,6,0.17344188690185547
fcigl_align_eta0.05,node_kl,BNCI2015_001,0,7,0.09999972581863403
fcigl_align_eta0.05,node_kl,BNCI2015_001,0,8,0.21594923734664917
fcigl_align_eta0.05,node_kl,BNCI2015_001,0,9,0.1823672354221344
fcigl_align_eta0.05,node_kl,BNCI2015_001,1,0,0.26796646416187286
fcigl_align_eta0.05,node_kl,BNCI2015_001,1,10,0.2839333117008209
fcigl_align_eta0.05,node_kl,BNCI2015_001,1,11,0.18570923805236816
fcigl_align_eta0.05,node_kl,BNCI2015_001,1,1,0.14712277054786682
fcigl_align_eta0.05,node_kl,BNCI2015_001,1,2,0.18310195207595825
fcigl_align_eta0.05,node_kl,BNCI2015_001,1,3,0.1345040202140808
fcigl_align_eta0.05,node_kl,BNCI2015_001,1,4,0.2539723217487335
fcigl_align_eta0.05,node_kl,BNCI2015_001,1,5,0.20544135570526123
fcigl_align_eta0.05,node_kl,BNCI2015_001,1,6,0.23063844442367554
fcigl_align_eta0.05,node_kl,BNCI2015_001,1,7,0.25669367611408234
fcigl_align_eta0.05,node_kl,BNCI2015_001,1,8,0.12789875268936157
fcigl_align_eta0.05,node_kl,BNCI2015_001,1,9,0.15965735912322998
fcigl_align_eta0.05,node_kl,BNCI2015_001,2,0,0.1281977891921997
fcigl_align_eta0.05,node_kl,BNCI2015_001,2,10,0.2877821922302246
fcigl_align_eta0.05,node_kl,BNCI2015_001,2,11,0.2715330570936203
fcigl_align_eta0.05,node_kl,BNCI2015_001,2,1,0.18219420313835144
fcigl_align_eta0.05,node_kl,BNCI2015_001,2,2,0.2012849748134613
fcigl_align_eta0.05,node_kl,BNCI2015_001,2,3,0.18527516722679138
fcigl_align_eta0.05,node_kl,BNCI2015_001,2,4,0.19949498772621155
fcigl_align_eta0.05,node_kl,BNCI2015_001,2,5,0.19481462240219116
fcigl_align_eta0.05,node_kl,BNCI2015_001,2,6,0.19449365139007568
fcigl_align_eta0.05,node_kl,BNCI2015_001,2,7,0.17858844995498657
fcigl_align_eta0.05,node_kl,BNCI2015_001,2,8,0.22274130582809448
fcigl_align_eta0.05,node_kl,BNCI2015_001,2,9,0.19261068105697632
fcigl_align_eta0.05,R3_task_drop_k2,BNCI2014_001,0,0,0.001736111111111105
fcigl_align_eta0.05,R3_task_drop_k2,BNCI2014_001,0,1,0.006944444444444475
fcigl_align_eta0.05,R3_task_drop_k2,BNCI2014_001,0,2,0.038194444444444475
fcigl_align_eta0.05,R3_task_drop_k2,BNCI2014_001,0,3,0.005208333333333315
fcigl_align_eta0.05,R3_task_drop_k2,BNCI2014_001,0,4,0.006944444444444503
fcigl_align_eta0.05,R3_task_drop_k2,BNCI2014_001,0,5,-0.001736111111111105
fcigl_align_eta0.05,R3_task_drop_k2,BNCI2014_001,0,6,-0.0017361111111111327
fcigl_align_eta0.05,R3_task_drop_k2,BNCI2014_001,0,7,0.012152777777777735
fcigl_align_eta0.05,R3_task_drop_k2,BNCI2014_001,0,8,-0.01909722222222221
fcigl_align_eta0.05,R3_task_drop_k2,BNCI2014_001,1,0,0.005208333333333315
fcigl_align_eta0.05,R3_task_drop_k2,BNCI2014_001,1,1,0.01909722222222221
fcigl_align_eta0.05,R3_task_drop_k2,BNCI2014_001,1,2,-0.008680555555555525
fcigl_align_eta0.05,R3_task_drop_k2,BNCI2014_001,1,3,0.006944444444444475
fcigl_align_eta0.05,R3_task_drop_k2,BNCI2014_001,1,4,0.017361111111111077
fcigl_align_eta0.05,R3_task_drop_k2,BNCI2014_001,1,5,0.003472222222222321
fcigl_align_eta0.05,R3_task_drop_k2,BNCI2014_001,1,6,-0.017361111111111105
fcigl_align_eta0.05,R3_task_drop_k2,BNCI2014_001,1,7,0.00520833333333337
fcigl_align_eta0.05,R3_task_drop_k2,BNCI2014_001,1,8,0.02430555555555558
fcigl_align_eta0.05,R3_task_drop_k2,BNCI2014_001,2,0,-0.038194444444444364
fcigl_align_eta0.05,R3_task_drop_k2,BNCI2014_001,2,1,0.015625000000000056
fcigl_align_eta0.05,R3_task_drop_k2,BNCI2014_001,2,2,-0.02083333333333337
fcigl_align_eta0.05,R3_task_drop_k2,BNCI2014_001,2,3,-0.02083333333333337
fcigl_align_eta0.05,R3_task_drop_k2,BNCI2014_001,2,4,0.012152777777777846
fcigl_align_eta0.05,R3_task_drop_k2,BNCI2014_001,2,5,-0.0017361111111110494
fcigl_align_eta0.05,R3_task_drop_k2,BNCI2014_001,2,6,0.01909722222222221
fcigl_align_eta0.05,R3_task_drop_k2,BNCI2014_001,2,7,-0.022569444444444364
fcigl_align_eta0.05,R3_task_drop_k2,BNCI2014_001,2,8,-0.027777777777777846
fcigl_align_eta0.05,R3_task_drop_k2,BNCI2015_001,0,0,-0.040000000000000036
fcigl_align_eta0.05,R3_task_drop_k2,BNCI2015_001,0,10,0.024999999999999967
fcigl_align_eta0.05,R3_task_drop_k2,BNCI2015_001,0,11,-0.027500000000000024
fcigl_align_eta0.05,R3_task_drop_k2,BNCI2015_001,0,1,-0.012499999999999956
fcigl_align_eta0.05,R3_task_drop_k2,BNCI2015_001,0,2,-0.06
fcigl_align_eta0.05,R3_task_drop_k2,BNCI2015_001,0,3,0.012500000000000067
fcigl_align_eta0.05,R3_task_drop_k2,BNCI2015_001,0,4,-0.04249999999999998
fcigl_align_eta0.05,R3_task_drop_k2,BNCI2015_001,0,5,-0.019999999999999907
fcigl_align_eta0.05,R3_task_drop_k2,BNCI2015_001,0,6,0.04749999999999993
fcigl_align_eta0.05,R3_task_drop_k2,BNCI2015_001,0,7,-1.1102230246251565e-16
fcigl_align_eta0.05,R3_task_drop_k2,BNCI2015_001,0,8,0.010000000000000009
fcigl_align_eta0.05,R3_task_drop_k2,BNCI2015_001,0,9,0.0016666666666668162
fcigl_align_eta0.05,R3_task_drop_k2,BNCI2015_001,1,0,0.1399999999999999
fcigl_align_eta0.05,R3_task_drop_k2,BNCI2015_001,1,10,-5.551115123125783e-17
fcigl_align_eta0.05,R3_task_drop_k2,BNCI2015_001,1,11,0.009999999999999898
fcigl_align_eta0.05,R3_task_drop_k2,BNCI2015_001,1,1,-0.03249999999999997
fcigl_align_eta0.05,R3_task_drop_k2,BNCI2015_001,1,2,0.024999999999999967
fcigl_align_eta0.05,R3_task_drop_k2,BNCI2015_001,1,3,0.08500000000000008
fcigl_align_eta0.05,R3_task_drop_k2,BNCI2015_001,1,4,-0.039999999999999925
fcigl_align_eta0.05,R3_task_drop_k2,BNCI2015_001,1,5,0.01000000000000012
fcigl_align_eta0.05,R3_task_drop_k2,BNCI2015_001,1,6,0.01750000000000007
fcigl_align_eta0.05,R3_task_drop_k2,BNCI2015_001,1,7,-0.0050000000000000044
fcigl_align_eta0.05,R3_task_drop_k2,BNCI2015_001,1,8,0.04333333333333328
fcigl_align_eta0.05,R3_task_drop_k2,BNCI2015_001,1,9,0.05666666666666664
fcigl_align_eta0.05,R3_task_drop_k2,BNCI2015_001,2,0,-0.01750000000000007
fcigl_align_eta0.05,R3_task_drop_k2,BNCI2015_001,2,10,0.029999999999999916
fcigl_align_eta0.05,R3_task_drop_k2,BNCI2015_001,2,11,0.06750000000000012
fcigl_align_eta0.05,R3_task_drop_k2,BNCI2015_001,2,1,-0.07250000000000012
fcigl_align_eta0.05,R3_task_drop_k2,BNCI2015_001,2,2,-0.007499999999999951
fcigl_align_eta0.05,R3_task_drop_k2,BNCI2015_001,2,3,0.0024999999999999467
fcigl_align_eta0.05,R3_task_drop_k2,BNCI2015_001,2,4,-0.05500000000000016
fcigl_align_eta0.05,R3_task_drop_k2,BNCI2015_001,2,5,0.007499999999999951
fcigl_align_eta0.05,R3_task_drop_k2,BNCI2015_001,2,6,-0.009999999999999953
fcigl_align_eta0.05,R3_task_drop_k2,BNCI2015_001,2,7,-0.011666666666666603
fcigl_align_eta0.05,R3_task_drop_k2,BNCI2015_001,2,8,0.036666666666666625
fcigl_align_eta0.05,R3_task_drop_k2,BNCI2015_001,2,9,0.010000000000000009
fcigl_align_eta0.05,task_head_alignment_k2,BNCI2014_001,0,0,-6.0046154092871507e-05
fcigl_align_eta0.05,task_head_alignment_k2,BNCI2014_001,0,1,0.0003979445356047731
fcigl_align_eta0.05,task_head_alignment_k2,BNCI2014_001,0,2,-0.018130564532497312
fcigl_align_eta0.05,task_head_alignment_k2,BNCI2014_001,0,3,-0.011066033731888133
fcigl_align_eta0.05,task_head_alignment_k2,BNCI2014_001,0,4,-0.00650897782064928
fcigl_align_eta0.05,task_head_alignment_k2,BNCI2014_001,0,5,-0.005068022150510637
fcigl_align_eta0.05,task_head_alignment_k2,BNCI2014_001,0,6,-0.013983555887133825
fcigl_align_eta0.05,task_head_alignment_k2,BNCI2014_001,0,7,-0.018356828136890265
fcigl_align_eta0.05,task_head_alignment_k2,BNCI2014_001,0,8,-0.06231465473943587
fcigl_align_eta0.05,task_head_alignment_k2,BNCI2014_001,1,0,0.003090927392243605
fcigl_align_eta0.05,task_head_alignment_k2,BNCI2014_001,1,1,-0.0032818026946491528
fcigl_align_eta0.05,task_head_alignment_k2,BNCI2014_001,1,2,-0.056114958774296494
fcigl_align_eta0.05,task_head_alignment_k2,BNCI2014_001,1,3,-0.005540271090370485
fcigl_align_eta0.05,task_head_alignment_k2,BNCI2014_001,1,4,-0.022507896682480558
fcigl_align_eta0.05,task_head_alignment_k2,BNCI2014_001,1,5,-0.002485786048874063
fcigl_align_eta0.05,task_head_alignment_k2,BNCI2014_001,1,6,-0.0008747137385771604
fcigl_align_eta0.05,task_head_alignment_k2,BNCI2014_001,1,7,-0.003248165418640911
fcigl_align_eta0.05,task_head_alignment_k2,BNCI2014_001,1,8,-0.00416484562148766
fcigl_align_eta0.05,task_head_alignment_k2,BNCI2014_001,2,0,-0.030067966029751078
fcigl_align_eta0.05,task_head_alignment_k2,BNCI2014_001,2,1,-0.004059041932128252
fcigl_align_eta0.05,task_head_alignment_k2,BNCI2014_001,2,2,-0.0253971401366505
fcigl_align_eta0.05,task_head_alignment_k2,BNCI2014_001,2,3,0.0008712900295636565
fcigl_align_eta0.05,task_head_alignment_k2,BNCI2014_001,2,4,-0.007265021186174631
fcigl_align_eta0.05,task_head_alignment_k2,BNCI2014_001,2,5,-0.02034466295493
fcigl_align_eta0.05,task_head_alignment_k2,BNCI2014_001,2,6,-0.05678125712753292
fcigl_align_eta0.05,task_head_alignment_k2,BNCI2014_001,2,7,-0.009644563937443323
fcigl_align_eta0.05,task_head_alignment_k2,BNCI2014_001,2,8,-0.02247863965705728
fcigl_align_eta0.05,task_head_alignment_k2,BNCI2015_001,0,0,-0.28536046463425685
fcigl_align_eta0.05,task_head_alignment_k2,BNCI2015_001,0,10,-0.0613391394409003
fcigl_align_eta0.05,task_head_alignment_k2,BNCI2015_001,0,11,-0.4262611038179228
fcigl_align_eta0.05,task_head_alignment_k2,BNCI2015_001,0,1,-0.2859211003408841
fcigl_align_eta0.05,task_head_alignment_k2,BNCI2015_001,0,2,-0.49750619577021504
fcigl_align_eta0.05,task_head_alignment_k2,BNCI2015_001,0,3,-0.3084320528156928
fcigl_align_eta0.05,task_head_alignment_k2,BNCI2015_001,0,4,-0.4459731633643299
fcigl_align_eta0.05,task_head_alignment_k2,BNCI2015_001,0,5,-0.24860767506301318
fcigl_align_eta0.05,task_head_alignment_k2,BNCI2015_001,0,6,-0.43896041344740433
fcigl_align_eta0.05,task_head_alignment_k2,BNCI2015_001,0,7,-0.25543141461423285
fcigl_align_eta0.05,task_head_alignment_k2,BNCI2015_001,0,8,-0.2951913861973686
fcigl_align_eta0.05,task_head_alignment_k2,BNCI2015_001,0,9,-0.36370004772755576
fcigl_align_eta0.05,task_head_alignment_k2,BNCI2015_001,1,0,-0.633658836917358
fcigl_align_eta0.05,task_head_alignment_k2,BNCI2015_001,1,10,-0.24226401149214077
fcigl_align_eta0.05,task_head_alignment_k2,BNCI2015_001,1,11,-0.1788196190437362
fcigl_align_eta0.05,task_head_alignment_k2,BNCI2015_001,1,1,-0.11322336931821228
fcigl_align_eta0.05,task_head_alignment_k2,BNCI2015_001,1,2,-0.36766020029177093
fcigl_align_eta0.05,task_head_alignment_k2,BNCI2015_001,1,3,0.02656440043270393
fcigl_align_eta0.05,task_head_alignment_k2,BNCI2015_001,1,4,-0.4370809980904058
fcigl_align_eta0.05,task_head_alignment_k2,BNCI2015_001,1,5,-0.04067049149339774
fcigl_align_eta0.05,task_head_alignment_k2,BNCI2015_001,1,6,-0.6744464676642082
fcigl_align_eta0.05,task_head_alignment_k2,BNCI2015_001,1,7,-0.651181867504949
fcigl_align_eta0.05,task_head_alignment_k2,BNCI2015_001,1,8,-0.48419858126222004
fcigl_align_eta0.05,task_head_alignment_k2,BNCI2015_001,1,9,-0.1800503376351783
fcigl_align_eta0.05,task_head_alignment_k2,BNCI2015_001,2,0,-0.03450809154933489
fcigl_align_eta0.05,task_head_alignment_k2,BNCI2015_001,2,10,-0.4523466923811247
fcigl_align_eta0.05,task_head_alignment_k2,BNCI2015_001,2,11,-0.3438814193427727
fcigl_align_eta0.05,task_head_alignment_k2,BNCI2015_001,2,1,-0.003265202352370586
fcigl_align_eta0.05,task_head_alignment_k2,BNCI2015_001,2,2,-0.3482715660104701
fcigl_align_eta0.05,task_head_alignment_k2,BNCI2015_001,2,3,-0.1749490744663164
fcigl_align_eta0.05,task_head_alignment_k2,BNCI2015_001,2,4,-0.5865151826336318
fcigl_align_eta0.05,task_head_alignment_k2,BNCI2015_001,2,5,-0.0260574358353656
fcigl_align_eta0.05,task_head_alignment_k2,BNCI2015_001,2,6,-0.09673364473848761
fcigl_align_eta0.05,task_head_alignment_k2,BNCI2015_001,2,7,-0.10611859668016811
fcigl_align_eta0.05,task_head_alignment_k2,BNCI2015_001,2,8,-0.545601498314206
fcigl_align_eta0.05,task_head_alignment_k2,BNCI2015_001,2,9,-0.31992327400072873
